Workbook

Sheet schema
A1: Works
A2: master table (one row per work)
A3: in table | B3: Column name | C3: Lookup | D3: Description | E3: Purpose
A4: =NOT(ISERROR(HLOOKUP(B4,Works!$1:$1,1,FALSE))) -> TRUE | B4: work_id | D4: sequential ID (e.g. 00286), text | E4: primary key for filenames, URLs, image object keys, and cross-references.
A5: =NOT(ISERROR(HLOOKUP(B5,Works!$1:$1,1,FALSE))) -> TRUE | B5: artist | D5: can be more than one if collaboration | E5: public label
A6: =NOT(ISERROR(HLOOKUP(B6,Works!$1:$1,1,FALSE))) -> TRUE | B6: title | D6: title. not necessarily unique e.g. 'untitled' | E6: display name
A7: =NOT(ISERROR(HLOOKUP(B7,Works!$1:$1,1,FALSE))) -> TRUE | B7: year | D7: creation year, integer | E7: sorting, filtering, and context.
A8: =NOT(ISERROR(HLOOKUP(B8,Works!$1:$1,1,FALSE))) -> TRUE | B8: year_display | D8: for display in UI | E8: when year is not known or approximate e.g. c. 1990
A9: =NOT(ISERROR(HLOOKUP(B9,Works!$1:$1,1,FALSE))) -> TRUE | B9: series | D9: series name if work is part of a group | E9: supports curated groupings and 'more in this series'
A10: =NOT(ISERROR(HLOOKUP(B10,Works!$1:$1,1,FALSE))) -> TRUE | B10: medium_type | C10: yes | D10: e.g. drawing, painting, photography | E10: taxonomy, filtering, search
A11: =NOT(ISERROR(HLOOKUP(B11,Works!$1:$1,1,FALSE))) -> TRUE | B11: medium_caption | D11: e.g. ink on paper, digital c-type print, 1080p video | E11: for work item description
A12: =NOT(ISERROR(HLOOKUP(B12,Works!$1:$1,1,FALSE))) -> TRUE | B12: duration | D12: for audio / video works | E12: for work item description
A13: =NOT(ISERROR(HLOOKUP(B13,Works!$1:$1,1,FALSE))) -> TRUE | B13: height_cm | D13: physical height cm | E13: physical dimensions
A14: =NOT(ISERROR(HLOOKUP(B14,Works!$1:$1,1,FALSE))) -> TRUE | B14: width_cm | D14: physical width cm | E14: physical dimensions
A15: =NOT(ISERROR(HLOOKUP(B15,Works!$1:$1,1,FALSE))) -> TRUE | B15: depth_cm | D15: physical depth cm | E15: framed or sculptural context
A16: =NOT(ISERROR(HLOOKUP(B16,Works!$1:$1,1,FALSE))) -> TRUE | B16: tags | C16: for reference only - lookup list | D16: semicolon-separated tags e.g., wetlands;memory;ink | E16: search and thematic grouping.
A17: =NOT(ISERROR(HLOOKUP(B17,Works!$1:$1,1,FALSE))) -> TRUE | B17: catalogue_date | D17: date entered into the catalogue | E17: progress tracking, “recently added”
A18: =NOT(ISERROR(HLOOKUP(B18,Works!$1:$1,1,FALSE))) -> TRUE | B18: orientation | C18: yes - in cell list | D18: portrait | landscape | square | E18: layout decisions
A19: =NOT(ISERROR(HLOOKUP(B19,Works!$1:$1,1,FALSE))) -> TRUE | B19: storage_location | C19: yes - lookup list | D19: storage reference e.g. Box 3 | E19: internal logistics e.g. where is this drawing stored?
A20: =NOT(ISERROR(HLOOKUP(B20,Works!$1:$1,1,FALSE))) -> TRUE | B20: provenance | D20: Ownership/loan/sales notes (usually private). | E20: internal record keeping; avoid publishing sensitive details.
A21: =NOT(ISERROR(HLOOKUP(B21,Works!$1:$1,1,FALSE))) -> FALSE | B21: checksum | D21: hash of work item page | E21: check if metadata has been updated and needs committing
A22: =NOT(ISERROR(HLOOKUP(B22,Works!$1:$1,1,FALSE))) -> TRUE | B22: notes_private | D22: Internal-only notes (not exported). | E22: commentary and process notes.
A24: WorkImages
A25: supplementary images
A26: =NOT(ISERROR(HLOOKUP(B26,WorkImages!$1:$1,1,FALSE))) -> TRUE | B26: image_id | D26: ID for the image record e.g. 001 | E26: reference for image rows; debugging, curation, sorting
A27: =NOT(ISERROR(HLOOKUP(B27,WorkImages!$1:$1,1,FALSE))) -> TRUE | B27: work_id | D27: foreign key to Works.work_id e.g. 00286 | E27: join supplemental images to a work page.
A28: =NOT(ISERROR(HLOOKUP(B28,WorkImages!$1:$1,1,FALSE))) -> TRUE | B28: role | C28: yes - lookup list | D28: detail | wip | install | alternate | E28: consistent meaning and optional grouping on the work page.
A29: =NOT(ISERROR(HLOOKUP(B29,WorkImages!$1:$1,1,FALSE))) -> TRUE | B29: file | D29: filename e.g. 00286-detail-001.webp | E29: not derived from other fields, leave work-specific and follow master image naming
A30: =NOT(ISERROR(HLOOKUP(B30,WorkImages!$1:$1,1,FALSE))) -> TRUE | B30: caption | D30: optional, short | E30: context to detail / wip images.
A31: =NOT(ISERROR(HLOOKUP(B31,WorkImages!$1:$1,1,FALSE))) -> TRUE | B31: alt | D31: alt description e.g. 'Detail of work 00286' | E31: accessibility
A32: =NOT(ISERROR(HLOOKUP(B32,WorkImages!$1:$1,1,FALSE))) -> TRUE | B32: image_date | D32: optional date e.g. WIP date | E32: progress timeline context if available
A33: =NOT(ISERROR(HLOOKUP(B33,WorkImages!$1:$1,1,FALSE))) -> TRUE | B33: notes_private | D33: internal-only notes (not exported) | E33: admin commentary and process notes.
A35: WorkAttachments
A36: file downloads
A37: =NOT(ISERROR(HLOOKUP(B37,WorkAttachments!$1:$1,1,FALSE))) -> TRUE | B37: attachment_id | D37: ID for the attachment file e.g. 001
A38: =NOT(ISERROR(HLOOKUP(B38,WorkAttachments!$1:$1,1,FALSE))) -> TRUE | B38: work_id | D38: foreign key to Works.work_id e.g. 00286
A39: =NOT(ISERROR(HLOOKUP(B39,WorkAttachments!$1:$1,1,FALSE))) -> TRUE | B39: file | D39: file name e.g. '00286-work-card.pdf' (all file types are treated as 'attachments') | E39: file name in the scope of the work item
A40: =NOT(ISERROR(HLOOKUP(B40,WorkAttachments!$1:$1,1,FALSE))) -> TRUE | B40: label | D40: e.g. 'work card (PDF)' | E40: list label

Sheet Works
A1: work_id | B1: artist | C1: title | D1: year | E1: year_display | F1: series | G1: medium_type | H1: medium_caption | I1: duration | J1: orientation | K1: height_cm | L1: width_cm | M1: depth_cm | N1: tags | O1: catalogue_date | P1: storage_location | Q1: provenance | R1: notes_private
A2: 00286 | B2: Michael Davies | C2: untitled | D2: 2024 | E2: 2024 | F2: curve poems | G2: drawing | H2: pen on paper | J2: portrait | K2: 42 | L2: 29.7 | N2: curves;intuition | O2: 46046 | P2: box 2 (A3)
A3: 00361 | B3: Michael Davies | C3: 83 particles | D3: 2024 | E3: 2024 | F3: curve poems | G3: drawing | H3: pencil and ink on paper | J3: landscape | K3: 29.7 | L3: 42 | N3: curves;intuition | O3: 46046 | P3: box 2 (A3)
A4: 00287 | B4: Michael Davies | C4: untitled | D4: 2024 | E4: 2024 | F4: curve poems | G4: drawing | H4: pencil on paper | J4: portrait | K4: 42 | L4: 29.7 | N4: curves;intuition | O4: 46046 | P4: box 2 (A3)
A5: 00288 | B5: Michael Davies | C5: untitled | D5: 2024 | E5: 2024 | F5: curve poems | G5: drawing | H5: pencil on paper | J5: portrait | K5: 42 | L5: 29.7 | N5: curves;intuition | O5: 46046 | P5: box 2 (A3)
A6: 00289 | B6: Michael Davies | C6: untitled | D6: 2024 | E6: 2024 | F6: curve poems | G6: drawing | H6: pen on paper | J6: portrait | K6: 42 | L6: 29.7 | N6: curves;intuition | O6: 46046 | P6: box 2 (A3)
A7: 00290 | B7: Michael Davies | C7: untitled | D7: 2024 | E7: 2024 | F7: curve poems | G7: drawing | H7: pencil on paper | J7: portrait | K7: 42 | L7: 29.7 | N7: curves;intuition | O7: 46046 | P7: box 2 (A3)
A8: 00291 | B8: Michael Davies | C8: untitled | D8: 2024 | E8: 2024 | F8: curve poems | G8: drawing | H8: pencil on paper | J8: portrait | K8: 42 | L8: 29.7 | N8: curves;intuition | O8: 46046 | P8: box 2 (A3)
A9: 00292 | B9: Michael Davies | C9: untitled | D9: 2024 | E9: 2024 | F9: curve poems | G9: drawing | H9: pen and white spirit on paper | J9: portrait | K9: 42 | L9: 29.7 | N9: curves;intuition | O9: 46046 | P9: box 2 (A3)
A10: 00293 | B10: Michael Davies | C10: untitled | D10: 2024 | E10: 2024 | F10: curve poems | G10: drawing | H10: pen and pencil on paper | J10: portrait | K10: 42 | L10: 29.7 | N10: curves;intuition | O10: 46046 | P10: box 2 (A3)
A11: 00294 | B11: Michael Davies | C11: untitled | D11: 2024 | E11: 2024 | F11: curve poems | G11: drawing | H11: pen and pencil on paper | J11: portrait | K11: 42 | L11: 29.7 | N11: curves;intuition | O11: 46046 | P11: box 2 (A3)
A12: 00295 | B12: Michael Davies | C12: 64 symbols | D12: 2024 | E12: 2024 | F12: curve poems | G12: drawing | H12: pen on paper | J12: portrait | K12: 42 | L12: 29.7 | N12: curves;intuition | O12: 46046 | P12: box 2 (A3)
A13: 00296 | B13: Michael Davies | C13: 4 things that are completely different but at the same time are the same | D13: 2024 | E13: 2024 | F13: curve poems | G13: drawing | H13: pen and pencil on paper | J13: portrait | K13: 42 | L13: 29.7 | N13: curves;intuition | O13: 46046 | P13: box 2 (A3)
... A56: 00339 | B56: Michael Davies | C56: untitled | D56: 2024 | E56: 2024 | F56: curve poems | G56: drawing | H56: pencil on paper | J56: portrait | K56: 42 | L56: 29.7 | N56: curves;intuition | O56: 46046 | P56: box 2 (A3)

Sheet WorkImages
A1: image_id | B1: work_id | C1: role | D1: file | E1: caption | F1: alt | G1: image_date | H1: notes_private
A2: 001 | B2: 00286 | C2: detail | D2: 00286-detail-001.webp | E2: Detail 1 | F2: Detail 1 of work 00286

Sheet WorkAttachments
A1: attachment_id | B1: work_id | C1: file | D1: label
A2: 001 | B2: 00286 | C2: 00286-work-card.pdf | D2: work card (PDF)

Sheet lookups
A1: Works.medium_type | B1: Works.tags | C1: Works.storage_location | D1: WorkImages.role
